[
    {
      "model": "services.Service",
      "fields": {
        "name": "Technology",
        "slug": "hn",
        "url": "https://news.ycombinator.com/news",
        "story_url": "https://news.ycombinator.com/item?id="
      }
    },
    {
      "model": "services.Service",
      "fields": {
        "name": "Miscellaneous",
        "slug": "reddit",
        "url": "https://www.reddit.com",
        "story_url": "https://www.reddit.com"
      }
    },
    {
      "model": "services.Service",
      "fields": {
        "name": "New York Times",
        "slug": "nytimes",
        "url": "http://www.nytimes.com/most-popular-viewed",
        "story_url": "http://nytimes.com"
      }
    },
    {
      "model": "services.Service",
      "fields": {
        "name": "Google News",
        "slug": "google-news",
        "url": "https://news.google.com/topics",
        "story_url": "https://news.google.com/"
      }
    },
    {
      "model": "services.Service",
      "fields": {
        "name": "Sports",
        "slug": "bbc-sport",
        "url": "https://www.bbc.co.uk/sport",
        "story_url": "https://www.bbc.co.uk/posts"
      }
    },
  {
    "model": "services.Service",
    "fields": {
      "name": "Entertainment",
      "slug": "entertainment-weekly",
      "url": "https://ew.com/",
      "story_url": "https://ew.com/"
    }
  },
  {
      "model": "services.Service",
      "fields": {
        "name": "Health",
        "slug": "rss-feed",
        "url": "https://ew.com/",
        "story_url": "https://ew.com/"
      }
    }
]
  